{
    "best_solution": {
        "active_vlbs": [],
        "cost": 450,
        "flow": {
            "incoming": [
                [
                    9,
                    [
                        4,
                        8
                    ]
                ],
                [
                    4,
                    [
                        0
                    ]
                ],
                [
                    5,
                    [
                        0
                    ]
                ],
                [
                    8,
                    [
                        5
                    ]
                ],
                [
                    6,
                    []
                ],
                [
                    3,
                    []
                ]
            ],
            "n_nodes": 10,
            "outgoing": [
                [
                    4,
                    [
                        9
                    ]
                ],
                [
                    0,
                    [
                        4,
                        5
                    ]
                ],
                [
                    8,
                    [
                        9
                    ]
                ],
                [
                    5,
                    [
                        8
                    ]
                ],
                [
                    6,
                    []
                ],
                [
                    3,
                    []
                ]
            ],
            "sink": 9,
            "source": 0,
            "values": [
                [
                    17179869193,
                    10
                ],
                [
                    5,
                    10
                ],
                [
                    21474836488,
                    10
                ],
                [
                    4,
                    10
                ],
                [
                    34359738377,
                    10
                ]
            ]
        }
    },
    "cplex_cost": 450,
    "generator_parameters": {
        "alpha_1": 4,
        "alpha_2": 5,
        "alpha_3": 10,
        "alpha_4": 10,
        "cost_max": 20,
        "flow_value": 20,
        "inclusion_p": 0.699999988079071,
        "max_span_q": 8,
        "n_nodes": 10,
        "vlb_p": 0.20000000298023224
    },
    "network": {
        "capacities": [
            [
                17179869191,
                17
            ],
            [
                3,
                17
            ],
            [
                4294967301,
                17
            ],
            [
                4,
                11
            ],
            [
                4294967300,
                11
            ],
            [
                5,
                11
            ],
            [
                4294967302,
                10
            ],
            [
                7,
                15
            ],
            [
                21474836487,
                14
            ],
            [
                4294967299,
                17
            ],
            [
                25769803783,
                12
            ],
            [
                8589934595,
                15
            ],
            [
                8589934596,
                12
            ],
            [
                8589934597,
                18
            ],
            [
                8589934600,
                18
            ],
            [
                8589934601,
                15
            ],
            [
                12884901894,
                16
            ],
            [
                12884901895,
                16
            ],
            [
                12884901896,
                16
            ],
            [
                12884901897,
                11
            ],
            [
                34359738377,
                20
            ],
            [
                17179869189,
                16
            ],
            [
                17179869193,
                10
            ],
            [
                21474836486,
                16
            ],
            [
                21474836488,
                16
            ],
            [
                25769803784,
                16
            ],
            [
                25769803785,
                14
            ],
            [
                30064771080,
                11
            ]
        ],
        "costs": [
            [
                17179869191,
                9
            ],
            [
                3,
                17
            ],
            [
                4294967301,
                19
            ],
            [
                4,
                17
            ],
            [
                4294967300,
                15
            ],
            [
                5,
                20
            ],
            [
                4294967302,
                8
            ],
            [
                7,
                12
            ],
            [
                21474836487,
                10
            ],
            [
                4294967299,
                8
            ],
            [
                25769803783,
                14
            ],
            [
                8589934595,
                4
            ],
            [
                8589934596,
                12
            ],
            [
                8589934597,
                17
            ],
            [
                8589934600,
                19
            ],
            [
                8589934601,
                8
            ],
            [
                12884901894,
                2
            ],
            [
                12884901895,
                2
            ],
            [
                12884901896,
                13
            ],
            [
                12884901897,
                15
            ],
            [
                34359738377,
                2
            ],
            [
                17179869189,
                10
            ],
            [
                17179869193,
                4
            ],
            [
                21474836486,
                13
            ],
            [
                21474836488,
                2
            ],
            [
                25769803784,
                20
            ],
            [
                25769803785,
                14
            ],
            [
                30064771080,
                18
            ]
        ],